"","Hs_A375.DMSO","Hs_FemxI.DMSO","Hs_FemxV.DMSO","Hs_LOX.DMSO","Hs_MeWo.DMSO","Hs_Skmel28.DMSO","Hs_WM115.DMSO","Hs_WM1341.DMSO","Hs_WM1366.DMSO","Hs_WM1382.DMSO","Hs_WM239.DMSO","Hs_WM266.DMSO","Hs_WM35.DMSO","Hs_WM45.1.DMSO","Hs_WM793.DMSO","Hs_WM852.DMSO","Hs_WM9.DMSO","Hs_WM983.DMSO","Mm_DMSO","Mm_WNT"
"TNFRSF12A",7.37671035657657,5.36351095350515,4.67571542340307,8.35711292604854,5.88075713203943,7.10960978098722,7.5905787474827,5.55133942705519,7.93657986945647,4.24698357116147,6.90227275218158,5.47927003001511,6.28478107836952,3.10565340411347,8.95773106321113,6.88944984491146,6.73551804128476,7.68185643876748,7.80114625591839,7.75198384555335
"BID",5.32246005819,5.35806467518381,5.62588561255447,5.41881048260329,5.89562436808593,6.03831894119722,5.21833046262439,3.98493579331972,6.4728050936719,5.27158944336424,5.65358191158546,5.82963030438951,5.69597532329029,5.87382725610784,4.92003898865885,6.11821364793049,5.23441831630988,5.29874367105141,4.56012146145676,4.44261377900358
"ATP9A",3.23747841081884,2.96380124939182,3.57794691758939,3.97992888800787,2.70062499460033,3.18221859799372,5.14641869239887,2.57766109543664,0.757767888056976,4.49588655830632,2.50267006619118,4.03558811414683,3.0378633256803,1.87952892572244,4.76749259310996,4.6681254339356,3.51565454015001,1.8243873807894,4.49750220436876,4.48908279092829
"ATP2B4",4.40718132984897,4.19984709387637,4.1782599213668,-0.830477440198712,4.74558784960196,5.29527149334423,5.24520666762261,5.60700591200759,2.43689903679637,5.6987660999725,5.14475037042816,5.28562658919015,5.58449506567095,4.26833413994554,5.03260881690803,5.69769980513868,5.04688274946512,4.54330634981163,0.839679602233005,-0.488868636737859
"NGFR",4.52454789449249,1.65574670328785,-0.0158502597474501,-3.02883749072026,4.39581656663034,2.73030278040601,7.31956047429634,2.73097587550025,-2.96381299903768,0.747260175502412,7.34246640905652,3.93104393132802,1.25036304820434,0.367800196503028,5.64843162653294,0.30964945095086,4.54200571814106,6.09530755888166,-2.02628929589097,-2.52266406611033
"CNN2",6.11076592766022,4.95311007987361,5.00599076430034,6.91106556161991,3.36385960360076,5.01832106075417,4.67203705553646,5.40401917701151,6.35829703216168,5.57522063359626,4.20504319899933,4.49088582692528,4.85121672209305,4.34736153495247,7.08495976821241,7.33676354724138,6.32834383720178,6.41366697003633,6.05158249707064,6.12146843825602
"TRAM2",4.37400395000135,3.58640160269463,3.33072617801695,3.60276052551771,3.67148763132624,4.07644460670326,5.03346772477761,4.86287994170272,6.19077338259563,3.90746148249525,3.6431065332255,4.78145027491363,2.91837645568078,3.30014007357807,6.31741863478524,6.04723626632062,5.42531219251583,4.54915167430735,2.3308589193755,2.21757867301909
"SLK",4.10013486410853,4.14687902379176,3.88510036967415,4.67899877224306,4.02980544204247,3.34424905726733,3.09264257930844,3.80147798193144,4.16474155862492,3.91012874993299,3.96099950592504,4.32703084355986,3.77593703491609,4.02035715818444,4.09090826621782,3.88807719028808,3.75952055155452,3.10682787624982,5.43407383768119,5.56017062731114
"GPR137B",3.77771190183171,5.99428105013722,6.01612244105569,3.44448826776316,7.17102071014185,7.88766999870719,6.56807923489023,5.72634329751772,2.66046802406056,5.52624316597039,6.6578980119124,5.95589336680053,7.30827372533884,6.23694512863814,4.75817808280383,3.03826477838092,4.80804509001534,5.74210782485302,7.69631788151045,8.05999508438577
"ITGAE",5.24074702728035,5.43167012942584,5.58174104415693,4.25523514490276,5.830964395583,5.67059707870712,5.67851664148028,5.48307111065815,4.9562618121757,6.00100805958584,5.33492070775953,5.14638818806663,4.82574701254633,5.76056319766741,5.65322828357778,5.00633166427348,5.24781833086162,4.89575799883557,-1.97613583033455,-2.11686008018874
"TRIP6",6.62083934739525,4.49172991520002,1.06450943771484,7.89188304749472,5.81549948278881,5.66472757907124,7.3664346191914,6.91005453102209,4.94176761185082,6.26799225893434,3.66035027284692,7.14297418786355,5.52172431343632,1.57322842887852,7.97941438414249,5.80600100440774,6.77559515880965,5.8616443469219,6.14181693351022,6.08236019119044
"ZDHHC8",5.16817751002363,5.90773347501091,6.14255184135761,5.76704424094764,5.78083436612788,6.01713658910065,5.03296680009451,4.76227674733106,5.29953669729006,5.12116625986012,5.44847915760628,5.577323606156,5.14375007287982,6.03360285250336,5.59550649334303,5.12153037473444,5.09792104554102,6.12809919302935,2.94140354095345,2.98612786339713
"TRIOBP",5.67947119498644,5.65058850690047,4.93421088364396,4.60383364950316,4.75855984457966,6.45694814072047,6.56871278005648,5.73763853688352,4.95408505962979,5.2924080797643,6.1607134995736,6.5093984954609,5.32039902801111,5.81149470665248,6.70808643820761,6.65512905523042,5.96087300720657,6.21433132842921,5.61560392299597,5.55244962357053
"CENPM",4.97845586578551,5.40705160273013,5.79103355396048,4.47848623873385,5.50898716809607,6.23643482806705,4.48587753424877,5.13736479246029,5.48005416606696,5.69440548469144,5.16647007811223,5.0074514172016,6.04061356216761,6.64804081034603,5.50167900329347,5.2038046760172,5.16623834196001,6.47206917250446,5.63388825680067,5.30704165354517
"CDK16",6.78819967357161,7.00644231894315,6.99034152121683,6.23516914527041,6.93032104020088,6.72605533544777,6.65045417941661,6.28820227828066,6.70526320904709,6.78505987196422,6.45545858406921,6.85470589375598,7.01196219187821,6.91005646707188,7.08644596575561,6.33955001744471,7.4763682613068,6.37685186077919,6.01959707628163,6.12962354931558
"EHD4",4.96376856843895,4.81685004562923,4.29457045043997,3.25420852192352,4.077163639615,4.93852451400704,4.47364074039434,5.46157945009316,4.19595975265137,5.29307582243553,2.84611122278716,3.89545472104407,2.98953323065186,2.37949432021661,5.93331900948515,3.81139217908455,4.90195394444944,4.67832840767133,4.82542408030055,4.59113800220541
"ASAH1",4.16772365158758,7.356542925927,7.95522121024166,4.84009107898427,8.31673644672232,9.13506515163738,8.39172885598768,8.99806436604445,4.00263873763337,8.66978240897906,8.14315937915112,8.36582257291396,8.45516060274492,8.27282381277659,6.36838970278588,5.71985349062171,4.91194637140796,8.10853805177826,6.6169920278123,6.71130489910505
"NFKBIB",3.78327400222504,3.6787667939119,3.38172277513055,3.11392364726441,4.37943773699399,4.34847533819055,3.49942831576498,3.05674464392582,3.92354694870175,2.71593425616053,3.55074535597393,3.56916542536558,3.30053335538243,3.86733052395827,3.81486766006759,3.5719350884007,3.81344843665144,4.11041586932982,5.4308961297799,5.42323447492102
"PLEKHJ1",4.97802049824553,5.70410280255687,5.44088851065028,5.21169624539977,5.68941999727558,5.66816148054942,4.54090271537758,5.02037429419351,5.62948637130567,4.95873015860762,4.88923248496655,5.27368307418745,6.03623824751431,5.80229902187264,5.24385842579021,4.71152699678818,5.32338326589112,5.02088666429045,6.30321661503392,6.22058296534397
"OAZ1",9.47215011734114,9.80371754871055,9.82196943160768,10.0948261938595,9.96890892518225,10.3842917796553,9.85453171834278,9.31349232663858,10.393278024173,9.44616685546234,9.80436897569264,9.89317205570116,10.3301465219641,9.82534908262151,10.0738998499899,9.89992900428814,9.82168951617086,9.84003844327095,9.70120724438321,9.6651310238091
"SYDE1",5.7385877594567,3.99919548426925,3.74881550191106,3.96968638768179,4.26347841114283,4.48894586039448,4.31070434952492,4.72814498753758,5.40811885362678,4.10070358244526,3.44272841468399,3.69365446135316,2.78210015972495,3.48408293208201,4.77790267766766,3.7285755952007,5.25206953184862,4.62165671351683,5.77921564942276,5.60632264295731
"TNKS2",4.13797406938028,4.64675672300251,4.30251258612802,4.29143197042337,4.35786649483455,3.49802086056411,4.04210161634353,4.2047691116998,4.15858628490686,4.66847530427988,4.9206158517282,4.86858907092088,4.70978667493126,4.71018863622756,4.27916823701232,4.42158199388162,4.06924692307037,4.24808676759282,5.91312503855,5.92711655933273
"DKK1",7.42091739260161,-1.40495644423627,0.0434583328669034,-3.32192809488736,2.31373666864788,4.52961337893742,4.93298834290421,-3.32192809488736,8.51700868613054,1.8277102194144,0.344705792818275,-0.262907863556247,0.724215596675242,-3.32192809488736,7.21649082625319,5.69019998225203,-0.43088097618767,5.53154043165096,-3.32192809488736,-2.88947249033654
"SH2B3",5.50035755297809,5.50801802858151,5.7779722896043,5.44357741911991,4.87677804507334,6.28740333869343,7.08677886335148,3.64297570302485,4.89131164666442,2.75558788267707,7.72656870321664,7.4516810938473,5.71769401427427,5.17984326103388,7.24327800758026,6.29164179286352,5.62249883552995,5.94173974893414,4.29627728428579,4.05097318105597
"PERP",4.29767639604913,3.82639205844227,3.18208995403662,5.16680123366499,6.17715361212847,5.50727314746751,5.30631475924609,4.45612457756254,4.54096723922758,3.1054614967506,4.79942613862453,4.87750035630286,4.71526527737833,4.26334195937439,5.48375954554453,7.6578044203001,3.83344912959576,5.08084595270856,0.653020952851092,0.286347991406091
"AMOTL2",5.75527640261565,3.31003262986657,2.29918443617713,6.05877778417035,0.534596419832267,3.40346072889913,2.87086275438842,2.99514688178733,6.62739092604231,4.51532892086533,2.20449460165682,2.04198777347744,3.12561593093156,3.10047072158151,6.20690004458937,4.30781410229196,3.965767259567,5.08148932689385,5.04494532048948,4.70386870445731
"IVNS1ABP",5.58810738411604,8.17115454837216,8.490044587548,5.65845811353172,6.82120883619728,7.20674417074277,6.75002117377727,8.81217209713816,5.50025543688365,6.08306663850369,7.10865903142639,7.19351695747723,8.44395031964146,8.67560662651569,5.69020585123477,5.05468806108428,6.46113539676899,6.29502496770035,6.73153810829351,6.45013923394056
"CD3EAP",4.37233041183318,4.15896352096598,4.24355522117817,3.21607582519378,3.9508507221008,3.76431250368482,3.74488783513319,3.74512504620298,4.13800145136327,3.03734251292542,2.99718481188054,3.37643702911713,3.87654045298612,3.13570786354746,4.63884977354284,2.82994930098784,3.92013864750894,4.15768557045668,4.39367368770896,4.48449353774698
"CTGF",5.37716196111792,2.4458816411034,1.36596173059127,5.89575134100268,3.59652505683457,4.53956676941937,2.34564988846034,-2.23733028158321,8.33001653546877,4.25989441408872,3.53198213080828,2.32255217858039,5.26212782465601,1.68496823369435,9.81531917854613,4.27454794832893,3.36421660848636,4.84926648506662,4.45640899334667,4.63776261158146
"NEK6",5.04921610192488,6.17103441251489,5.4663537621341,6.09728229167389,5.13740377577596,4.64432010694523,6.06987423043912,5.71401903956628,5.56927012584217,5.97420107091482,5.13489127290781,5.69390684182358,5.82392475386218,5.31041082305011,5.92894854786357,5.52464482149797,5.1643618919236,5.4828817456474,6.07250021883612,5.96230612908158
"UBL3",2.6499495975521,5.96449687878408,5.80494972041871,3.40269187286897,5.74370072016522,5.05338102446421,5.39958172458097,5.25946294655419,2.71997389834468,5.57958588751107,5.12906029579315,6.84321689661899,5.91998855629723,7.46009497485115,4.00063879423807,3.17286462202729,3.24884401347808,4.56905898180176,7.21706171768174,7.54933331831982
"KIAA1191",5.72918786750173,6.03773887863171,6.0899929628905,5.98990676783114,5.82344997253492,5.97679184420473,5.3950580152562,5.84987284764192,6.07779487778678,6.63418999199066,5.51245613872594,5.9881294651896,6.01658577317579,5.75514610230673,5.91376491222102,6.97276051711071,6.0406043121803,5.50780456110664,5.90213941751153,6.00431984731918
"BAZ2B",1.98903291710572,3.24990037961781,3.8415504534076,4.5056881367211,3.76175528077658,2.73053434960994,3.88428054263448,2.7997219191669,2.10241898527168,3.99990354675315,4.63341150383514,4.02160817847167,4.22174513220397,4.58787667562198,3.79625024880081,3.94434609137107,2.97670602780798,3.10880204971271,4.04803772895316,4.07462816470305
"POPDC3",5.30619309837161,5.41151841689428,5.24540740810083,6.13288540585634,5.39307666293414,5.57949559125365,5.33028089433749,5.14624355671648,3.93262729596852,4.03491749232875,5.67498091011952,5.09345766384409,5.1871803991025,5.24237249761906,5.87186819070885,4.54741729569358,5.41458120239035,5.20801918583038,-3.32192809488736,-2.86950193078171
"LOXL2",6.43789251680367,2.32905756334787,1.80258791555851,7.53792924681755,1.34765705284272,2.88172011347392,6.34311774312776,5.35323174686074,6.07295653670773,4.57457981367668,5.46877515711753,6.07340898786659,2.43966872024405,3.43956003437904,8.54757511992592,7.18457394539422,8.35937534644824,5.76291249218236,2.73771038215413,3.12779352822534
"BHLHE40",2.35978372254351,3.9640641981467,3.75756779024688,5.38486095976863,5.15203481057676,5.42077060616596,7.0455277036024,6.14491568008462,2.24471895073286,4.1665504153326,6.88227054488396,6.76183078571897,6.71685585893252,5.99375235879751,3.06399515469226,5.90814530266004,3.5170664198037,4.63740946209019,5.7999960657502,6.364876976596
"ANXA1",10.4420393732638,3.7688148351402,4.4068759079883,8.86045973131163,6.24185991682513,8.58952877343104,9.03386094623389,7.19081226326741,9.65185043462679,7.53819263117373,8.02807188041084,7.78293565255391,5.27666023292792,0.48194275767882,9.31797504986546,7.5571161787049,8.61052126073492,8.70426239716357,7.88179284653893,7.70561238364152
"CD63",9.95402832778021,12.3562072062432,12.3635342604268,10.0219385698095,11.8419771139106,12.7064972515476,12.2993998891367,12.6359001201126,9.60810062131913,11.4123980126319,12.591633038146,12.9530368774515,12.5820631568874,12.4695777265161,11.420061747287,10.1288617880173,9.93370268078479,11.6519091900139,9.47105342674068,9.78209987178991
"SERPINE2",11.0317088585016,7.91261337729555,8.50841191185117,4.26089254192076,8.27431343407494,9.21775759601679,12.5530588157377,9.10364911694519,6.74524258066787,8.4675034329918,10.5090988937152,12.1310039509165,7.98430948005694,8.40573551384883,12.4038581895878,9.82214271152716,10.7635693764849,10.8115944898438,-1.21338380357749,-1.73877654438914
"NDUFB5",6.09670262558522,6.65381516986191,6.4552883192284,6.63303942474619,6.46042286559155,7.22142902940409,6.89866075198776,6.36815414486317,6.82134974288569,7.14636979155504,6.69441675715827,7.24218864115492,7.93415534504376,7.25841348705231,6.80503633938741,6.67306626032421,6.67616982551946,6.44056073558737,7.71068275348477,7.72569671917932
"ATP6V1G1",6.12603845653499,8.07291903518766,7.77082395525465,6.7615075739367,7.21390296055573,7.93703149579723,7.24398603088569,7.62188782466261,6.17678137822886,7.83880866787068,6.78937876373248,6.95654174077899,7.17710347670636,6.5955157418466,6.84603410475329,6.76461454721386,5.93720698329131,7.41206700199977,8.67471412614601,9.14785070261337
"FAM8A1",2.29629681213884,3.06840122198481,3.41488685447514,3.17633559192581,3.66017224779009,2.81157055982466,3.69732906808262,2.84531111834361,2.43693585779845,2.98627798013441,3.70336151493518,3.50034031814438,4.03690434262346,4.03506758491044,3.69130599990051,3.66310422023775,3.13614157779539,2.81528237392136,4.19189556938163,4.243636102726
"PTPRF",6.88005085522038,4.51442940369628,3.07047806683438,6.94317165865007,2.65936995194536,4.16654611024047,3.83260276776805,4.4342973601122,7.04832802137827,3.46440612154403,1.82914581810721,3.48296924976536,3.51666024625313,2.3588757695392,7.72966659123272,5.31255293294906,7.34445597728914,5.6659385620862,-1.93023177002537,-1.65752227843461
"ZNF697",2.8823820283487,3.81005238436717,3.53455249655099,4.35047929043204,3.88980942316582,5.34151736602204,5.20417374906146,5.88622643663082,3.86166714176658,3.47027763445511,5.45014297742882,4.99319263950315,5.98093817222178,4.72772341255435,2.62820764688085,3.66371201190212,3.17675814294553,4.42541959530872,1.68805099636605,1.78099456890478
"EPHX1",4.62422290280509,5.23767982859121,4.99277129054407,1.55409162602048,4.8316131808964,4.79523715581672,5.22323800564914,7.05850474880658,3.20030722470638,5.84052665123609,6.13433573027175,5.10388279711434,7.61225519268151,4.82463829697005,5.28454997937308,7.10682755992844,5.86453203224678,4.43949209392347,6.90452084103223,7.52157952788171
"SLC20A1",7.0787196371644,6.10750201280213,6.75873556894343,6.35193877159266,6.04426522763228,8.0991217107082,7.75326771184317,5.69335964294052,7.65934808936653,5.07965313329314,8.54457005597644,7.51610376608645,6.73635751663547,6.75096251858864,8.3902478355081,7.07503348545494,6.43147812298606,6.93011878926975,5.64608803766552,5.62869254545478
"PLIN2",8.07627614924903,4.82554556679525,5.17587074242014,6.5003552776947,4.46479389813394,6.95969677471794,6.29118843314476,5.67467214762693,4.97613027938933,6.5628879717052,4.91951381432393,5.13641323273293,6.21086808241413,5.37094126469181,4.38733430170166,6.93089548249128,6.09545083707787,6.49131336022961,6.35966100420841,6.71055640909257
"GSTO1",7.50081775392273,9.4680103105289,9.30310948198604,8.54034209501846,9.20830832027676,9.99786191330544,7.04385541310369,9.21409599254373,7.70040490754807,7.97424972693181,8.9944658008474,8.19609190674789,9.56308906258234,8.95614506792858,7.10213585263398,6.87678582076333,7.29937943156636,8.22327265188513,7.21738826135773,7.22836790075457
"RGS10",5.42785011897415,8.06941003562704,7.8273731584797,6.8819990731299,7.37373280443526,8.01711153413673,5.30670013195111,7.25994749038275,7.00830181764314,4.68115523783899,6.06429460595055,6.47965279937674,7.83587510840479,8.94296616048617,5.88012417000038,5.01460025487585,5.74741946008558,5.81251485123462,4.35942329489467,4.49375573452743
"JPH2",-0.918400043459284,-2.71603848625985,-2.52792149683947,-3.32192809488736,-2.72202120536667,-3.32192809488736,-1.89591780337922,-3.20142734231333,1.72135884022238,-2.50697666179237,-2.2556149904829,-2.70776185374994,-2.39244693179436,-3.32192809488736,0.520964353473693,-2.2503521967438,-2.80781025053608,-1.91207391067778,1.62333313833247,1.66562074357992
"LATS2",2.79381833223613,3.64657240489539,3.67674834099161,2.56161970818499,3.27893949353579,2.10770967962177,2.8445697128039,4.21089905115788,3.79787575948751,3.30874697579753,2.51463279422226,2.76484725483996,4.06957972934007,2.66461215152061,3.26460517537476,3.24343676128454,2.98513892490922,3.43355967855901,4.13375486152339,3.88126558965875
"CRIM1",6.39289549738555,-1.11282135810031,-1.82919958423938,5.94553571335873,1.96577184922128,0.742221443662013,2.872146678207,1.14664270526633,6.63224010039043,3.79455058570628,3.48042478297909,2.0226609585651,1.20285110508386,-1.30033283608617,7.08086326024841,5.34322951096318,4.99038394602343,4.0200081973202,4.14994551641951,4.265951219169
"TMEM251",3.2109684122115,5.31133425097294,5.19654293458811,2.97044691958113,4.2901656652441,5.10724848184273,4.49381884039739,4.51207763249225,3.62560312607106,4.87304342594252,4.83551326996533,4.8070896640048,5.47798859234753,4.32157654173023,2.66804187576046,2.68748924427442,3.40575656300814,4.06156473122896,3.79326165402215,3.89278411783603
"MMP14",5.25290367570157,8.87976422775261,8.45839325914981,7.19250173389774,8.01907081030331,8.37430785970169,9.42195151045017,9.62647314205876,7.29465183750219,8.07555431223352,8.28442022584701,9.05819017507443,7.98008643101605,8.48324379444132,8.57925944065948,6.43346531418822,7.82774493450615,7.71074744000243,6.59672411007967,6.29589861744632
"B4GALT5",5.56174237985089,6.30919328849451,6.29260877822129,5.39517946965347,5.12847579715262,5.85044581957684,6.28130350975893,5.64822585475823,4.78423286594054,5.04234984404061,5.48071072859152,6.30737986122546,5.42867237183299,5.65530350835983,5.32896048547721,7.24108463874353,4.85473698946243,5.53885078801408,3.96317942249751,3.97504602474816
"AGL",2.04587629570035,2.21927335457822,2.28057368289452,2.37068734978392,2.41066211984807,1.90574646231837,0.847923558492221,2.72517675926867,1.5216008811266,2.32419936174315,2.08194410562265,1.61342824179114,2.20504668861593,2.06786311107381,1.50595729323384,2.40517514538764,1.45477548125222,2.17691222844383,4.30517720825081,4.55547197147361
"TGFBR2",4.18732893723023,2.95812285579194,3.16609390634236,6.8382203487363,4.07685758002876,3.99203361743028,6.42148584305873,4.32144846184205,5.34197091112204,4.87883692674942,4.68940769473164,6.32116176886172,4.60333690791533,3.66296397194034,5.61259178560345,6.32947377598966,4.5389201628105,4.39293185933485,4.00920791758217,3.86694571931503
"HPS3",3.00574029675435,5.68373245319018,6.09605770148614,3.86799323477051,5.25500567042158,5.93495707490874,3.80842052681358,4.706434487222,6.17535875813408,5.57522658384817,3.73541615018282,3.46572406951166,6.22022119949516,5.81703361495403,4.06286668670888,6.12878666018205,4.7084941183757,5.11779597348222,4.45824962376679,5.17803147676698
"CAMLG",5.3118688119062,4.97078130620727,4.62863970827883,5.46717263699906,5.10818851926831,4.9892946949207,3.61138013299734,3.69595720030322,5.30409564592182,5.02453621470162,4.45166020531418,5.07750977674952,5.92100891027656,5.47398396670629,4.2727578205672,5.23244923861108,4.35574172221532,4.18466090596633,4.40912408584504,4.46686546117062
"HEY1",1.19108575995142,4.68459854797098,4.81012510283327,-0.403499548627201,2.60631531613329,5.61195757430426,5.43505246008139,4.29535037498828,0.746050779745652,2.70969882548912,4.9338686017246,5.32190543599567,6.35434770575026,6.33618056457514,3.36263611116436,6.00881639630875,3.57524671991359,3.58313353572828,-1.46955138173776,-1.28435535126533
"DLC1",4.68955943488742,1.10396582370415,0.851980251449255,5.98103918644383,2.13472131732947,3.94298881150507,3.69291583629249,3.35795733157148,5.10925765921392,5.11015548510768,3.21595410343054,3.52894108191348,4.22405493519063,4.3972748638729,6.16309940984567,3.89895150283528,4.83595650100198,4.81806663318394,3.05629476594538,2.92222855089968
"SPTSSA",3.98736532415281,4.83186963437424,4.51560860191985,3.31759021913467,4.7177441184075,3.76744382033892,5.01445788741874,4.86745763132203,4.06756387639184,5.8811286880928,4.09241564302282,4.95426302316854,4.99785089373972,4.48518581531464,4.91440915754345,5.73033445447709,5.02570093568313,4.35229834736943,6.17646330545307,6.14424882770219
"KRT80",6.19732079351722,-2.64356125108383,-2.6656671100832,1.02125304283427,-2.86635986552952,-2.44667045597151,-2.80442508370193,-1.89935311416263,4.95470232218149,-2.09030768403484,-2.58244725824311,-2.90693770788564,-2.8542423402701,-2.83387706667751,1.3570756517746,0.965473085606385,1.30164953826385,2.87464435973942,3.70726837899443,3.63773901132996
"MGAT5B",3.29643286532202,3.91791991360021,3.21623596529434,5.07954497267873,5.01942368059867,3.45888083050782,2.63756765324413,4.06790694860915,1.65362548766969,3.93512349607445,3.46108417609785,1.98509248495879,3.69485589910936,-1.58102721199349,4.0890606291545,2.81418501419831,-1.42655487770578,4.49751771768977,-3.32192809488736,-2.76179721447696
"LMBRD1",2.56774708803616,3.63609832143234,3.65470274383618,4.56806735925746,4.51963817888086,3.94168368355474,4.33602079739931,3.60229138432826,3.17739135893633,3.4358791867014,4.01647028301609,4.97150678892247,4.22653607909367,4.53560443520056,4.74356123073684,4.25902989900781,3.25009165636039,3.76788151556324,5.55091755732062,5.53871056406625
"DTYMK",6.55081276868059,6.53009952762931,7.01787298518938,6.22959193083229,7.22303330132654,7.6326245731163,6.65283003616739,6.33049978114877,6.60738327143774,5.60190934943393,7.10911393681495,6.72593742222463,6.9666849064461,7.2511954074114,6.58015100268951,6.73699063152016,6.44226737667494,7.26508263815444,7.15229443109649,7.0141823464376
"B3GNT2",3.05939012551552,4.55456604251996,4.67570766075907,4.78297689116729,3.59344188049701,4.50392381910338,4.55904473336293,4.90599993885808,3.20149981525895,4.44516952890734,4.41338914363604,5.33912369060495,4.19447303359881,3.87660459498636,3.68002042940758,3.21969973059554,3.00137113960123,4.13435243523302,3.50323999818288,3.64646218177848
"THOP1",6.35787143696158,6.83245380074449,6.81161865164815,5.86629649683459,6.89868070492895,7.0899767580621,6.0093661320703,6.32337539617219,6.59057115017117,6.47709928796434,6.07453055480621,5.8076762148192,6.19841706760316,6.12125966907416,6.32398049608111,6.19821565671005,6.38240137662016,6.73327487955543,5.07437986471435,5.06672291615315
"NBEA",0.110015044187847,1.55025845475863,1.78945481122092,2.01181700881621,1.45410229530131,0.477802919979095,1.48299364770075,0.737867347495351,0.352806139660465,2.09661120194493,0.648847424878935,2.74078410943172,0.717884674119721,1.74309962312499,3.12720773421853,-0.387823172774859,1.89222653963148,1.62739058999204,2.83697385040782,2.74136332172765
"HRAS",5.21510788506378,4.88785097769583,4.74489443789851,5.03895088124951,6.00560977542184,5.546651491574,5.15062190975616,4.80472919818419,5.01588224362426,5.40288552584549,4.86090314877132,4.72478363713684,3.61325688448671,4.6136912440276,5.53618479397804,4.15438927964443,5.1990711953382,5.32402943650026,6.39137190562486,6.53712580524301
"FOSL1",8.02013911596018,5.59407512290261,4.32856571660216,8.19726522770519,6.09879041991774,5.95739952944991,7.84242298095379,6.6689737525029,8.52054257826546,-2.51129569058213,6.34028207251748,5.70668719864486,4.12962524073109,3.12996649675518,8.44070791514096,4.91380540889117,6.57431933361809,7.56235532289924,4.80189126576144,4.89264864222211
"FZD2",4.15958687946933,1.6457849820485,1.30869884179443,3.59712028215186,1.99012605401458,1.30499097372146,2.38772815561366,0.63663157694003,4.8783413072765,1.60318659541189,1.9197605930191,1.97266593126177,1.42057602852496,2.62745915684797,4.30187815868044,4.00517202035948,3.7145181219946,1.54739275864086,2.5193235499363,2.4856788034249
"NQO1",9.93711842373631,9.33134250630509,8.66076861038696,7.25372924178057,8.67694877595622,10.769424301128,10.8791569462067,11.9337375023172,8.07041618544953,8.13547996992293,11.7248417360927,10.6296451636341,10.0209101249353,8.35314145175921,11.0083186414646,10.2101809271378,9.63769493371815,10.1090475022072,2.76189538049702,2.38964807417205
"KIRREL1",6.22888241467135,5.92169281387794,5.44945781489104,5.43366353587025,4.98473201378375,5.85973777069094,7.7049157555236,6.7102302123888,5.12200485133562,6.1046169598837,6.55659073889427,6.11387248396128,5.77037026942938,4.7283456503057,7.65897589261179,6.75941352232483,6.74545190425579,6.43255899408339,5.3617499459544,4.97000958969449
"GNB1L",2.81161455710878,3.06308086019393,3.66673007243162,3.00007832635656,3.96383026878221,3.64449773817697,2.08554549561011,1.63577707264257,2.48426029472582,2.31386581326592,2.86522108261777,2.62423836036343,3.68887599101146,4.09177678506724,2.32114862648469,1.45616024044358,2.56736612775599,3.60507694062631,3.55895926392241,3.43678972847061
"LONP1",6.73169738957133,6.68861162677588,6.68738516317138,7.04705558895578,7.17349780586586,6.88581329830497,5.86131154499382,6.20908037902332,7.08878751071991,5.6878391708011,5.7975858615148,6.100561487284,7.01487105116195,7.22882671052433,5.39258560716423,5.80166428428815,6.06477191174031,6.29039908730906,7.53633288952983,7.64940886576172
"SCN8A",0.660544160977441,-1.43787055693594,-1.67605960209069,2.6881571445054,-2.12837917405921,-0.00226384055336289,1.79366510688251,0.811527038019818,2.94019617508404,1.74936082555926,1.66439583203831,-0.810293184818427,-1.77656331091249,-1.1943331399286,2.44080264827136,-1.19515959313172,-2.52924966900148,-2.62714029159215,4.59861278905589,5.39246309187891
"ANXA4",5.48810865664632,6.83625171967758,6.93752553528363,6.82138676700638,7.37799595890142,6.83551609654313,6.83454708088978,7.0304804858755,5.42313317326929,6.58444406540108,6.27046921498129,7.44529516777917,7.17158738359239,6.94938170438063,6.58604425180739,7.90252754949449,5.87575068090301,6.05940039006232,6.09685100451774,6.188235286526
"C1orf122",5.60757860432348,4.85853833101714,4.98629742384962,5.59161758079966,5.04233452462624,5.93388897871471,5.60671397065257,5.53036915994699,5.30332120381447,5.57716021240556,5.41849411786562,5.55100102013096,4.77934061873946,4.43670218938069,5.68864221751647,4.85325688346002,5.90087163949901,5.73391023229351,5.25444384350067,5.24003704216778
"SMG5",5.97539606393631,5.16273559419523,5.21734962202579,4.8082104181208,6.2663544592729,6.01657726811615,5.88988838360823,5.70887137733134,5.88457016712294,6.51845092238219,5.92242724141098,5.31928203189046,5.76593099579843,5.11481996686254,6.6657084529134,5.8193359761537,6.01121781929938,6.42633613305657,5.97474517098303,5.93020334626677
"TGM2",6.8350408157608,0.426247673102633,0.397547345788294,2.60542854448463,2.31607793546505,0.0826794848253483,4.3869722334325,-0.218795048477029,4.6109822881649,2.94405931864939,1.09348058981224,3.44046820681546,2.41662605843463,2.0820849922315,5.935691635333,8.29071937054494,6.62104751172662,5.26272988514097,2.99507587849136,3.25645570675883
"BMPR2",1.84876711060358,3.82087836204748,4.34672912309869,4.70941945933012,3.07261700565831,3.44130652103187,3.01417350019616,4.15643969845234,2.44101753326947,2.7607349146909,3.75329255529778,3.47609294576385,3.11941856136669,4.25798522843765,2.98024020226389,4.06297477157163,2.25623206222388,2.31155878791328,3.27551883607598,3.2981428834294
"TAX1BP3",6.57684467464296,5.16924543113045,4.9644255227305,7.47811573679419,6.94591542226938,5.70584690520321,6.26198759701338,5.6991679200303,6.78323461363476,7.15253442853547,5.64602376240788,5.72270827315823,5.22053894479066,5.77191818792826,7.44251533835847,5.75432971758479,6.69739623194743,6.59875019298749,6.1088935156345,5.9791299239386
"CCPG1",4.44450545670082,4.87381442113372,5.21790127797248,3.59452680091192,4.50309477318022,5.89414312755333,5.4650777325016,4.96207927099137,4.18904710680922,4.22338217073208,4.63410188190765,5.40198227244537,5.18057103123329,5.7260678762019,4.93334900726626,6.77437467925897,4.46607702249734,4.62570372333263,3.77031794112787,3.69835677784501
"NOL12",5.19728901690284,6.07483711151596,5.71357851969984,4.83521237628224,4.84761377088915,6.31620017567018,4.7879792858434,4.80140078435828,5.1962090161204,5.65706741503782,5.02696402890226,5.03429727222588,4.86248307670863,5.74462341459269,5.19732751311939,4.94770522754402,4.96733858528763,5.94379325377891,6.01138073450011,6.00572137482863
"SYNRG",2.71740146688522,2.70560156572252,2.89800206705289,2.27827817391387,2.63136541766097,2.17058578176638,2.99777851452439,3.18664120412844,2.79777398482081,2.6396777414339,3.45160039865368,2.86373638414346,2.26173766066833,2.40178609799527,2.65274246843576,2.96279818328827,2.79053853735967,2.80768054543352,3.70252226318263,3.74516722859685
